"ID","site","sample_date","rep","day","num_gw_wells","dischage","doc","doc_k","doc_per_flow","doc_dec_flow","doc_dec_rel_flow","uva","arti_sub_resp","suva","tdp","tdn","don","don_per","dop","dop_per","dom_c_n_dom","dom_c_p_dom","dom_n_p","din_dip","nh4","no3","po4_ug_l","po4__mg_l","bromide_mg_l","sulfate_mg_l","per_so4_flow","cl_mg_l","per_cl_flow","calcium","na","k","per_k_flow","mg","so4_cl_mol_ratio","so4_mg_mol_ratio","mg_cl_mol_ratio","mg_k_mol_ratio","so4_k_mol_ratio","cl_k_mol_ratio","pco2","int450","int500","f1","unfil_cod","fil_cod","adj_unfil_cod","adj_fil_cod","pos_flowpath"
1,"91TP","2000-07-21 00:00:00","A",203.00000,,,,,,,,,,,,2.90000,,,,,,,,6.01504,1.70000,1.80000,,1.33000,0.40000,196.00000,,328.00000,,,,,,,,,,,,,,,,,,,,,
2,"Gila At 115thAve","2000-07-21 00:00:00","A",203.00000,,,,,,,,,,,,8.30000,,,,,,,,7.07483,4.70000,1.80000,,2.10000,,,,,,,,,,,,,,,,,,,,,,,,,
3,"Gila At BuckeyeDiversionDam","2000-07-21 00:00:00","A",203.00000,,,,,,,,,,,,2.70000,,,,,,,,4.24668,1.00000,2.40000,,1.83000,0.40000,248.00000,,521.00000,,,,,,,,,,,,,,,,,,,,,
4,"91TP","2000-08-10 00:00:00","A",223.00000,,,,,,,,,,,,1.80000,,,,,,,,6.06753,0.82000,2.10000,,1.10000,,,,,,,,,,,,,,,,,,,,,,,,,
5,"Gila At 115thAve","2000-08-10 00:00:00","A",223.00000,,,,,,,,,,,,3.80000,,,,,,,,9.14286,2.40000,2.80000,,1.30000,,,,,,,,,,,,,,,,,,,,,,,,,
6,"Gila At BuckeyeDiversionDam","2000-08-10 00:00:00","A",223.00000,,,,,,,,,,,,2.00000,,,,,,,,5.86667,0.68000,2.40000,,1.20000,,,,,,,,,,,,,,,,,,,,,,,,,
7,"91TP","2000-09-07 00:00:00","A",251.00000,,,,,,,,,,,,,,,,,,,,,,2.50000,,2.20000,,,,,,,,,,,,,,,,,,,,,,,,,
8,"Gila At 115thAve","2000-09-07 00:00:00","A",251.00000,,,,,,,,,,,,,,,,,,,,,,3.80000,,2.30000,,,,,,,,,,,,,,,,,,,,,,,,,
9,"Gila At BuckeyeDiversionDam","2000-09-07 00:00:00","A",251.00000,,,,,,,,,,,,1.20000,,,,,,,,4.06349,0.50000,2.70000,,1.80000,,,,,,,,,,,,,,,,,,,,,,,,,
10,"Buckeye Canal At Bullard","2000-03-15 00:00:00","B",75.00000,,,,,,,,,,,,,,,,,,,,,,,,,,,,,,,,,,,,,,,,,,,,,,,,,
11,"Buckeye Canal At Jackrabbit","2000-03-15 00:00:00","A",75.00000,,,,,,,,,,,,,,,,,,,,,,,,,,,,,,,,,,,,,,,,,,,,,,,,,
12,"Buckeye Canal At Jackrabbit","2000-03-15 00:00:00","B",75.00000,,,,,,,,,,,,,,,,,,,,,,,,,,,,,,,,,,,,,,,,,,,,,,,,,
13,"Buckeye Canal At Baseline","2000-03-15 00:00:00","A",75.00000,,,,,,,,,,,,,,,,,,,,,,,,,,,,,,,,,,,,,,,,,,,,,,,,,
14,"Buckeye Canal At Baseline","2000-03-15 00:00:00","B",75.00000,,,,,,,,,,,,,,,,,,,,,,,,,,,,,,,,,,,,,,,,,,,,,,,,,
15,"Buckeye Canal At Baseline","2000-03-15 00:00:00","C",75.00000,,,,,,,,,,,,,,,,,,,,,,,,,,,,,,,,,,,,,,,,,,,,,,,,,
16,"Hassayampa","2000-03-15 00:00:00","A",75.00000,,,,,,,,,,,,,,,,,,,,,,,,,,,,,,,,,,,,,,,,,,,,,,,,,
17,"Hassayampa","2000-03-15 00:00:00","B",75.00000,,,,,,,,,,,,,,,,,,,,,,,,,,,,,,,,,,,,,,,,,,,,,,,,,
18,"Hassayampa","2000-03-15 00:00:00","C",75.00000,,,,,,,,,,,,,,,,,,,,,,,,,,,,,,,,,,,,,,,,,,,,,,,,,
19,"91TP","2000-03-01 00:00:00","A",61.00000,2,,6,0,99,1,0,0,,0,2,6.30000,1,12,,,9,,,8.05145,1.30600,4.24900,1577,1.57700,,216.00000,101,269.90000,99,71,231,15,100,32,1,5,0,3,17,20,15127,232,125,2,18,18,6,6,
20,"91TP","2000-03-01 00:00:00","B",61.00000,2,,6,0,101,-1,0,0,,0,2,6.09000,1,9,,,13,,,7.93393,1.32900,4.31500,1626,1.62600,,211.00000,99,273.10000,100,72,233,15,100,32,1,5,0,3,17,20,14885,243,130,2,13,20,4,7,
21,"91TP","2000-03-01 00:00:00","C",61.00000,2,2,6,0,99,1,0,0,,0,2,5.86000,0,5,,,23,,,7.51177,1.33400,4.15100,1669,1.66900,,212.00000,100,274.20000,101,72,228,15,100,32,1,5,0,3,17,20,15393,,,,,,,,1
22,"Buckeye Canal At Bullard","2000-03-01 00:00:00","A",61.00000,2,,6,0,101,-1,0,0,,0,1,6.86000,1,13,,,8,,,9.31079,0.66200,5.32600,1470,1.47000,,266.00000,125,508.60000,187,111,315,16,107,52,1,4,0,5,20,34,7457,200,106,2,27,18,10,6,
23,"Buckeye Canal At Bullard","2000-03-01 00:00:00","B",61.00000,2,,6,0,106,-6,0,0,,0,1,6.71000,1,11,,,10,,,9.06912,0.65200,5.25200,1488,1.48800,,265.00000,124,512.10000,188,116,324,16,104,53,1,4,0,5,20,36,7454,,,,19,19,7,7,
24,"Buckeye Canal At Bullard","2000-03-01 00:00:00","C",61.00000,2,6,6,0,101,-1,0,0,,0,1,7.04000,1,15,,,7,,,9.28619,0.66000,5.43000,1499,1.49900,,266.00000,125,506.20000,186,116,308,16,105,52,1,4,0,5,20,35,7456,203,107,2,,,,,13
25,"Buckeye Canal At Jackrabbit","2000-03-01 00:00:00","A",61.00000,2,,6,0,98,2,0,0,,0,1,7.30000,0,5,,,19,,,10.85949,0.93500,6.01100,1462,1.46200,,250.00000,117,453.30000,166,109,279,15,98,49,1,4,0,5,20,34,4791,188,101,2,19,18,7,6,
26,"Buckeye Canal At Jackrabbit","2000-03-01 00:00:00","B",61.00000,2,,7,0,115,-15,1,0,,0,1,8.10000,1,14,,,7,,,10.73960,0.90700,6.01400,1473,1.47300,,250.00000,117,442.70000,163,107,278,16,102,48,1,4,0,5,20,32,4792,,,,15,16,5,5,
27,"Buckeye Canal At Jackrabbit","2000-03-01 00:00:00","C",61.00000,2,,7,0,115,-15,1,0,,0,1,8.04000,1,14,,,7,,,10.90278,0.90500,6.08300,1465,1.46500,,250.00000,117,447.40000,164,105,298,15,100,49,1,4,0,5,20,32,4790,192,102,2,,,,,20
28,"Buckeye Canal At Baseline","2000-03-01 00:00:00","A",61.00000,2,,6,0,99,1,0,0,,0,2,9.02000,1,13,0,2,6,618,102,11.05968,0.89700,7.04800,1642,1.64200,,277.00000,130,466.80000,171,111,316,16,102,51,1,4,0,5,22,33,4273,181,97,2,23,21,9,8,
29,"Buckeye Canal At Baseline","2000-03-01 00:00:00","B",61.00000,2,,6,0,99,1,0,0,,0,2,8.93000,1,12,,,7,,,11.22390,0.89400,6.94800,1597,1.59700,,278.00000,131,461.50000,169,109,315,16,102,52,1,4,0,5,22,33,4255,182,98,2,25,13,9,4,
30,"Buckeye Canal At Baseline","2000-03-01 00:00:00","C",61.00000,2,,6,0,99,1,0,0,,0,1,9.22000,1,14,,,5,,,11.02076,0.88900,6.97500,1631,1.63100,,281.00000,132,462.00000,170,110,318,15,101,51,1,4,0,5,22,33,4290,,,,,,,,30
31,"Hassayampa","2000-03-01 00:00:00","A",61.00000,2,,6,0,99,1,0,0,,0,1,8.39000,1,15,,,5,,,11.44942,0.76800,6.37000,1425,1.42500,,242.00000,114,419.90000,154,100,273,15,97,47,1,4,0,5,20,31,2156,178,95,2,26,20,10,7,
32,"Hassayampa","2000-03-01 00:00:00","B",61.00000,2,,6,0,101,-1,0,0,,0,1,8.35000,1,15,,,6,,,11.73714,0.76500,6.42400,1400,1.40000,,241.00000,113,428.50000,157,99,280,15,98,47,1,4,0,5,20,32,2170,169,91,2,19,18,7,6,
33,"Hassayampa","2000-03-01 00:00:00","C",61.00000,2,3,6,0,101,-1,0,0,,0,1,8.37000,1,15,,,6,,,12.08041,0.76300,6.29800,1336,1.33600,,230.00000,108,402.00000,148,100,276,15,98,47,1,4,0,5,19,30,2157,,,,,,,,48
34,"Gila At Arlington","2000-03-01 00:00:00","A",61.00000,2,,5,0,83,17,-1,0,,0,,8.54000,1,9,,,7,,,18.14138,0.39700,7.27000,966,0.96600,,432.00000,203,710.40000,261,157,505,14,93,71,1,5,0,8,37,55,3230,156,89,2,21,20,8,7,
35,"Gila At Arlington","2000-03-01 00:00:00","B",61.00000,2,,5,0,83,17,-1,0,,0,,8.91000,1,13,,,5,,,17.94354,0.39400,7.47200,1002,1.00200,,436.00000,205,731.30000,268,150,488,14,93,67,1,5,0,8,38,57,3193,158,90,2,26,19,10,7,
36,"Gila At Arlington","2000-03-01 00:00:00","C",61.00000,2,,5,0,83,17,-1,0,,0,,8.71000,1,11,,,6,,,17.48127,0.39700,7.27400,1003,1.00300,,437.00000,205,731.60000,269,156,503,15,96,71,1,5,0,8,37,55,3207,,,,,,,,59
37,"Gila At Gillespie","2000-03-01 00:00:00","A",61.00000,2,,4,0,76,24,-1,0,,0,,9.42000,1,13,,,4,,,21.23679,0.23000,7.90900,876,0.87600,,542.00000,254,871.00000,320,171,630,14,95,82,1,5,0,9,46,66,2208,139,81,2,28,23,11,9,
38,"Gila At Gillespie","2000-03-01 00:00:00","B",61.00000,2,,4,0,74,26,-2,0,,0,,9.07000,1,9,,,6,,,21.62535,0.22900,7.91700,861,0.86100,,526.00000,247,850.40000,312,172,637,15,96,84,1,5,0,9,44,64,2215,138,81,2,20,18,7,6,
39,"Gila At Gillespie","2000-03-01 00:00:00","C",61.00000,2,5,5,0,78,22,-1,0,,0,,9.41000,1,13,,,4,,,21.73251,0.23100,8.11700,878,0.87800,,534.00000,251,863.50000,317,171,637,14,95,81,1,5,0,9,45,66,2208,,,,,,,,67
40,"91TP","2000-06-14 00:00:00","A",166.00000,34,,7,0,116,-16,1,0,,0,1,3.48000,1,16,0,13,15,120,8,6.56192,1.17700,1.75700,1022,1.02200,,200.59247,94,323.00000,119,64,239,17,113,30,1,5,0,3,14,21,15851,,,,,,,,
41,"91TP","2000-06-14 00:00:00","B",166.00000,34,,7,0,115,-15,1,0,,0,1,3.38000,0,13,0,7,18,220,12,6.73297,1.17500,1.75300,994,0.99400,,195.52654,92,310.00000,114,327,244,18,116,31,1,5,0,3,14,19,15726,,,,,,,,
42,"91TP","2000-06-14 00:00:00","C",166.00000,34,2,7,0,99,1,0,0,,0,1,3.36000,0,13,0,9,18,178,10,6.76764,1.17700,1.77200,996,0.99600,,204.62852,102,295.00000,95,377,245,18,102,31,1,5,0,3,14,18,15723,,,,2,9,,,1
43,"Buckeye Canal At Bullard","2000-06-14 00:00:00","A",166.00000,34,,6,0,91,9,-1,0,,0,1,4.59000,0,4,0,9,43,165,4,10.49596,0.34300,4.12500,973,0.97300,,226.12992,113,479.00000,155,481,330,15,88,45,1,4,0,5,18,34,4702,,,,4,12,,,
44,"Buckeye Canal At Bullard","2000-06-14 00:00:00","B",166.00000,34,,6,0,91,9,-1,0,,0,,4.05000,,,,,,,,10.36583,0.33500,4.06400,970,0.97000,,223.99266,112,479.00000,155,510,329,16,90,46,1,4,0,5,17,33,4562,,,,8,22,,,
45,"Buckeye Canal At Bullard","2000-06-14 00:00:00","C",166.00000,34,6,6,0,90,10,-1,0,,0,1,4.67000,0,5,0,10,28,151,5,10.20441,0.32400,4.06900,984,0.98400,,229.56807,115,482.00000,156,491,313,15,84,44,1,4,0,5,19,36,4884,,,,,,,,13
46,"Buckeye Canal At Jackrabbit","2000-06-14 00:00:00","A",166.00000,34,,5,0,71,29,-2,0,,0,,6.72000,,,,,,,,20.83929,0.13100,6.87100,768,0.76800,,331.87710,166,650.00000,210,611,442,14,80,66,1,4,0,8,29,51,4079,,,,,,,,
47,"Buckeye Canal At Jackrabbit","2000-06-14 00:00:00","B",166.00000,34,,5,0,72,28,-2,0,,0,1,7.01000,0,1,0,19,84,70,1,19.93038,0.06500,6.80600,788,0.78800,,342.60071,171,671.00000,217,139,449,14,82,64,1,4,0,7,29,52,4142,,,,,,,,
48,"Buckeye Canal At Jackrabbit","2000-06-14 00:00:00","C",166.00000,34,,5,0,68,32,-2,0,,0,1,6.57000,,,0,9,,161,,19.78865,0.09400,6.85800,803,0.80300,,339.42733,170,668.00000,216,140,463,14,83,66,1,4,0,7,29,51,4334,,,,,,,,20
49,"Buckeye Canal At Baseline","2000-06-14 00:00:00","A",166.00000,34,,4,0,59,41,-3,0,,0,,9.44000,,,,,,,,46.97316,0.04900,9.46600,463,0.46300,,443.66563,222,719.00000,232,149,488,12,68,71,1,5,0,10,45,66,3243,,,,,,,,
50,"Buckeye Canal At Baseline","2000-06-14 00:00:00","B",166.00000,34,,4,0,62,38,-3,0,,0,1,9.21000,,,0,35,,44,,48.28323,0.06500,9.65200,460,0.46000,,444.60632,222,722.00000,233,156,511,13,72,73,1,5,0,9,43,63,3230,,,,,,,,
51,"Buckeye Canal At Baseline","2000-06-14 00:00:00","C",166.00000,34,,4,0,60,40,-3,0,,0,1,9.37000,,,0,36,,41,,49.17565,0.05900,9.68700,453,0.45300,,440.45754,220,714.00000,231,154,507,13,73,72,1,5,0,9,42,62,3148,,,,,,,,30
52,"Hassayampa","2000-06-14 00:00:00","A",166.00000,34,,3,0,49,51,-4,0,,0,,15.76000,1,4,,,7,,,88.13923,0.09800,15.09500,394,0.39400,,643.09323,321,787.00000,254,171,592,11,62,70,1,7,0,10,72,80,2188,,,,,,,,
53,"Hassayampa","2000-06-14 00:00:00","B",166.00000,34,,4,0,53,47,-3,0,,0,,15.01000,,,,,,,,89.36614,0.09100,15.11800,389,0.38900,,658.84790,329,792.00000,256,176,593,11,64,74,1,7,0,11,71,77,2183,,,,,,,,
54,"Hassayampa","2000-06-14 00:00:00","C",166.00000,34,1,4,0,53,47,-3,0,,0,,15.37000,0,1,,,25,,,89.30738,0.10000,15.09900,389,0.38900,,663.31894,331,778.00000,252,182,602,11,65,76,1,7,0,11,71,75,2178,,,,,,,,48
55,"Gila At Gillespie","2000-06-14 00:00:00","A",166.00000,34,,5,0,72,28,-2,0,,0,,7.43000,0,1,,,63,,,465.33333,0.01200,7.31700,36,0.03600,,823.89085,411,1116.00000,361,173,834,13,75,99,1,6,0,12,77,94,792,,,,,,,,
56,"Gila At Gillespie","2000-06-14 00:00:00","B",166.00000,34,,5,0,69,31,-2,0,,0,,7.20000,,,,,,,,541.41935,0.01000,7.33300,31,0.03100,,822.15599,411,1125.00000,364,178,852,13,75,101,1,6,0,12,77,95,800,,,,,,,,
57,"Gila At Gillespie","2000-06-14 00:00:00","C",166.00000,34,1,5,0,71,29,-2,0,,0,,7.18000,,,,,,,,699.71429,0.01600,7.33100,24,0.02400,,819.53762,409,1112.00000,359,189,886,14,77,102,1,6,0,12,74,91,798,,,,,,,,67
58,"91TP","2000-10-10 00:00:00","A",284.00000,1,,8,0,98,2,0,0,,0,2,5.08000,1,11,0,12,16,107,7,7.25936,2.44300,2.05100,1415,1.41500,,183.73339,98,227.00000,93,69,223,19,99,28,1,5,0,2,12,13,10450,,,,,,,,
59,"91TP","2000-10-10 00:00:00","B",284.00000,1,,8,0,101,-1,0,0,,0,2,5.25900,1,14,0,13,13,102,8,7.27346,2.46300,2.06200,1422,1.42200,,188.47080,101,252.00000,103,70,224,19,101,28,1,5,0,2,12,14,10713,,,,,,,,
60,"91TP","2000-10-10 00:00:00","C",284.00000,1,1,8,0,101,-1,0,0,,0,2,5.27500,1,14,1,27,12,39,3,7.12197,2.47200,2.04600,1450,1.45000,,188.51065,101,253.00000,104,70,217,19,100,29,1,5,0,2,12,15,10782,,,,,,,,1
61,"Buckeye Canal At Bullard","2000-10-10 00:00:00","A",284.00000,1,,7,0,83,17,-1,0,,0,2,4.24500,1,25,0,12,7,94,13,5.60698,0.81400,2.32100,1278,1.27800,,204.52956,109,416.00000,170,94,299,18,93,36,1,4,0,3,14,26,5539,,,,,,,,
62,"Buckeye Canal At Bullard","2000-10-10 00:00:00","B",284.00000,1,,7,0,86,14,-1,0,,0,2,4.25500,1,25,0,12,8,101,13,5.53596,0.79200,2.35900,1301,1.30100,,213.67238,114,406.00000,166,91,304,18,93,37,1,4,0,3,15,25,5575,,,,,,,,
63,"Buckeye Canal At Bullard","2000-10-10 00:00:00","C",284.00000,1,8,7,0,85,15,-1,0,,0,2,4.11900,1,23,0,13,8,89,11,5.24218,0.81600,2.44300,1421,1.42100,,212.58911,114,398.00000,163,94,303,18,94,36,1,4,0,3,14,24,5563,,,,,,,,13
64,"Buckeye Canal At Jackrabbit","2000-10-10 00:00:00","A",284.00000,1,,6,0,77,23,-2,0,,0,2,5.67900,1,18,0,9,7,108,15,7.25848,1.05900,3.57100,1458,1.45800,,234.01351,125,511.00000,209,115,328,18,92,43,1,4,0,4,16,32,3651,,,,,,,,
65,"Buckeye Canal At Jackrabbit","2000-10-10 00:00:00","B",284.00000,1,,7,0,82,18,-1,0,,0,2,5.81200,1,19,1,26,7,33,5,7.26965,1.05700,3.66600,1485,1.48500,,238.01056,127,524.00000,215,117,342,18,94,45,0,4,0,4,16,32,3672,,,,,,,,
66,"Buckeye Canal At Jackrabbit","2000-10-10 00:00:00","C",284.00000,1,,6,0,78,22,-2,0,,0,2,5.59100,1,16,0,13,8,77,10,7.30804,1.05600,3.62800,1465,1.46500,,236.64059,127,517.00000,212,114,343,18,93,45,1,4,0,4,16,32,3641,,,,,,,,20
67,"Buckeye Canal At Baseline","2000-10-10 00:00:00","A",284.00000,1,,7,0,85,15,-1,0,,0,2,5.99700,1,18,0,23,7,38,5,7.07922,1.03600,3.87300,1585,1.58500,,218.81267,117,457.00000,187,102,326,18,96,41,1,4,0,4,14,27,7875,,,,,,,,
68,"Buckeye Canal At Baseline","2000-10-10 00:00:00","B",284.00000,1,,7,0,82,18,-1,0,,0,2,5.92100,1,17,0,13,8,72,9,7.42296,1.04100,3.91800,1527,1.52700,,211.71306,113,453.00000,186,102,328,18,94,41,1,4,0,4,14,28,7876,,,,,,,,
69,"Buckeye Canal At Baseline","2000-10-10 00:00:00","C",284.00000,1,,6,0,81,19,-2,0,,0,2,5.58200,1,12,1,25,11,32,3,7.27921,1.03600,3.86200,1538,1.53800,,209.05738,112,452.00000,185,100,315,18,92,41,1,4,0,4,14,28,7934,,,,,,,,30
70,"Hassayampa","2000-10-10 00:00:00","A",284.00000,1,,6,0,75,25,-2,0,,0,1,5.56200,1,19,,,7,,,9.27589,0.48700,4.11500,1134,1.13400,,223.29703,119,540.00000,221,111,348,16,85,45,0,4,0,4,17,36,2274,,,,,,,,
71,"Hassayampa","2000-10-10 00:00:00","B",284.00000,1,,7,0,83,17,-1,0,,0,1,5.50300,1,18,,,8,,,8.96857,0.48500,3.99200,1141,1.14100,,222.22634,119,518.00000,212,113,350,17,90,45,0,4,0,4,16,33,2214,,,,,,,,
72,"Hassayampa","2000-10-10 00:00:00","C",284.00000,1,3,6,0,72,28,-2,0,,0,1,5.50900,1,18,0,14,7,83,12,8.95619,0.48000,4.03000,1151,1.15100,,216.69326,116,522.00000,214,116,355,17,88,46,0,4,0,4,16,34,2279,,,,,,,,48
73,"Gila At Gillespie","2000-10-10 00:00:00","A",284.00000,1,,5,0,61,39,-3,0,,0,0,8.20100,1,10,,,7,,,33.90400,0.04700,7.32500,497,0.49700,,536.98690,287,1003.00000,411,174,647,15,79,79,1,5,0,8,43,73,3901,,,,,,,,
74,"Gila At Gillespie","2000-10-10 00:00:00","B",284.00000,1,,5,0,63,37,-3,0,,0,0,8.62900,1,15,,,5,,,32.28955,0.04600,7.31400,521,0.52100,,590.74920,316,1016.00000,416,181,676,16,83,85,1,5,0,9,45,70,3896,,,,,,,,
75,"Gila At Gillespie","2000-10-10 00:00:00","C",284.00000,1,3,5,0,67,33,-3,0,,0,0,8.51800,,,,,,,,32.54591,,7.33300,515,0.51500,,543.99845,291,1010.00000,414,183,674,15,80,85,1,5,0,9,43,73,3866,,,,,,,,67
76,"Salt At BluePointBridge","2000-12-18 00:00:00","",353.00000,,,,,,,,0,,,,,,,,,,,,,,,,,,,,,,57,247,7,,19,,,,,,,1701,,,,,,,,
77,"Salt At BluePointBridge","2000-12-18 00:00:00","",353.00000,,,,,,,,0,,,,,,,,,,,,,,,,,,,,,,56,248,7,,19,,,,,,,1728,,,,,,,,
78,"Salt At BluePointBridge","2000-12-18 00:00:00","",353.00000,,,,,,,,0,,,,,,,,,,,,,,,,,,,,,,56,244,7,,19,,,,,,,1717,,,,,,,,
79,"Verde At RioVerde","2000-12-18 00:00:00","",353.00000,,,,,,,,0,,,,,,,,,,,,,,,,,,,,,,40,42,4,,34,,,,,,,1368,,,,,,,,
80,"Verde At RioVerde","2000-12-18 00:00:00","",353.00000,,,,,,,,0,,,,,,,,,,,,,,,,,,,,,,40,41,4,,34,,,,,,,1368,,,,,,,,
81,"Verde At RioVerde","2000-12-18 00:00:00","",353.00000,,,,,,,,0,,,,,,,,,,,,,,,,,,,,,,39,41,4,,34,,,,,,,1363,,,,,,,,
82,"Gila At 115thAve","2000-12-19 00:00:00","",354.00000,,,,,,,,0,,,,,,,,,,,,,,,,,,,,,,99,304,19,,46,,,,,,,10775,,,,,,,,
83,"Gila At 115thAve","2000-12-19 00:00:00","",354.00000,,,,,,,,0,,,,,,,,,,,,,,,,,,,,,,100,316,19,,45,,,,,,,11350,,,,,,,,
84,"Gila At 115thAve","2000-12-19 00:00:00","",354.00000,,,,,,,,0,,,,,,,,,,,,,,,,,,,,,,99,318,19,,45,,,,,,,11505,,,,,,,,5
85,"Gila At 115thAve","2001-02-01 00:00:00","A",32.00000,3,,7,0,100,0,0,0,,0,2,7.61400,7,87,1,89,1,13,10,12.75868,0.28700,0.70100,177,0.17700,,221.43126,96,86.00000,127,110,313,19,99,45,3,4,1,,,,10323,,,,,,,,
86,"Gila At 115thAve","2001-02-01 00:00:00","B",32.00000,3,,7,0,99,1,0,0,,0,2,7.40500,6,87,1,89,1,13,10,13.11746,0.30500,0.72800,180,0.18000,,238.86638,104,75.00000,111,110,324,19,98,46,4,4,1,4,15,4,10241,,,,,,,,
87,"Gila At 115thAve","2001-02-01 00:00:00","C",32.00000,3,1,7,0,100,0,0,0,,0,2,7.63700,7,87,1,89,1,13,10,11.42857,0.27900,0.66600,189,0.18900,,228.17978,99,42.00000,62,108,321,20,103,47,6,4,2,4,14,2,,,,,,,,,5
88,"Buckeye Canal At Jackrabbit","2001-02-01 00:00:00","A",32.00000,3,,6,0,88,12,-1,0,,0,1,6.82100,6,88,1,90,1,14,12,15.44207,0.14800,0.71000,127,0.12700,,243.50468,106,60.00000,89,118,356,18,91,49,4,4,1,4,17,4,7014,,,,,,,,
89,"Buckeye Canal At Jackrabbit","2001-02-01 00:00:00","B",32.00000,3,,6,0,88,12,-1,0,,0,1,6.82100,6,88,1,90,1,15,12,16.39024,0.15600,0.72600,123,0.12300,,239.52486,104,64.00000,95,123,347,18,91,48,4,4,1,4,16,4,6672,,,,,,,,
90,"Buckeye Canal At Jackrabbit","2001-02-01 00:00:00","C",32.00000,3,6,6,0,88,12,-1,0,,0,1,6.71500,6,87,1,90,1,14,11,14.28128,0.13700,0.66900,129,0.12900,,226.64679,99,59.00000,87,121,348,18,90,49,4,4,1,4,16,4,,,,,,,,,20
91,"Buckeye Canal At Baseline","2001-02-01 00:00:00","A",32.00000,3,,7,0,93,7,0,0,,0,1,7.03000,6,87,1,90,1,14,12,16.62171,0.15100,0.75800,125,0.12500,,211.00868,92,59.00000,87,99,301,18,92,42,4,4,1,4,14,4,5371,,,,,,,,
92,"Buckeye Canal At Baseline","2001-02-01 00:00:00","B",32.00000,3,,7,0,93,7,0,0,,0,1,6.81600,6,87,1,90,1,15,11,15.48616,0.14400,0.73000,129,0.12900,,215.86252,94,44.00000,65,100,300,18,90,42,5,4,1,4,15,3,5404,,,,,,,,
93,"Buckeye Canal At Baseline","2001-02-01 00:00:00","C",32.00000,3,,6,0,91,9,-1,0,,0,1,6.86100,6,87,1,90,1,14,11,16.07494,0.13200,0.72600,122,0.12200,,221.00640,96,38.00000,56,102,302,18,92,43,6,4,2,4,15,2,,,,,,,,,30
94,"Hassayampa","2001-02-01 00:00:00","A",32.00000,3,,7,0,95,5,0,0,,0,1,5.44600,5,88,1,90,2,15,9,12.91429,0.05800,0.62000,120,0.12000,,203.57551,89,33.00000,49,93,279,18,91,40,7,4,2,4,14,2,3319,,,,,,,,
95,"Hassayampa","2001-02-01 00:00:00","B",32.00000,3,,6,0,91,9,-1,0,,0,1,5.34200,5,88,1,90,2,15,10,12.33498,0.05400,0.57200,116,0.11600,,209.21136,91,44.00000,65,96,268,17,88,39,5,4,1,4,15,3,3298,,,,,,,,
96,"Hassayampa","2001-02-01 00:00:00","C",32.00000,3,1,7,0,93,7,0,0,,0,1,5.58100,5,88,1,91,2,15,10,12.24085,0.05900,0.58900,121,0.12100,,213.74993,93,59.00000,87,98,280,18,92,41,4,4,1,4,15,4,,,,,,,,,48
97,"Gila At Arlington","2001-02-01 00:00:00","A",32.00000,3,,5,0,71,29,,0,,0,1,7.33100,6,88,1,86,1,25,27,29.55332,0.02800,0.89000,71,0.07100,,522.99530,228,73.00000,108,180,608,15,79,81,8,5,2,8,42,5,3487,,,,,,,,
98,"Gila At Arlington","2001-02-01 00:00:00","B",32.00000,3,,5,0,68,32,-2,0,,0,1,7.44400,7,88,1,87,1,23,27,24.94286,0.02400,0.84900,80,0.08000,,517.83365,226,80.00000,118,181,629,15,78,81,7,5,1,9,41,6,,,,,,,,,
99,"Gila At Arlington","2001-02-01 00:00:00","C",32.00000,3,,5,0,68,32,-2,0,,0,1,7.33300,6,88,0,86,1,25,29,19.79381,0.02600,0.81400,97,0.09700,,514.43637,224,97.00000,143,188,638,16,80,79,6,5,1,8,40,7,,,,,,,,,59
100,"Gila At Gillespie","2001-02-01 00:00:00","A",32.00000,3,,5,0,69,31,-2,0,,0,1,7.23300,6,87,1,89,1,19,21,27.96289,0.02300,0.91900,77,0.07700,,541.54879,236,77.00000,114,182,622,15,78,81,8,5,2,9,43,6,2771,,,,,,,,
101,"Gila At Gillespie","2001-02-01 00:00:00","B",32.00000,3,,5,0,69,31,-2,0,,0,1,7.34300,6,87,1,90,1,16,18,27.84416,0.02400,0.91400,77,0.07700,,567.29783,247,77.00000,114,182,626,15,79,84,8,5,2,9,45,6,2813,,,,,,,,
102,"Gila At Gillespie","2001-02-01 00:00:00","C",32.00000,3,2,5,0,71,29,-2,0,,0,1,7.38600,6,87,1,89,1,19,21,22.83203,0.02500,0.88400,91,0.09100,,554.34990,242,91.00000,134,181,633,15,79,85,7,5,1,9,44,7,,,,,,,,,67
103,"Gila At 115thAve","2001-02-20 00:00:00","A",51.00000,1,,8,0,100,0,0,0,0,0,3,12.87000,,,,,,,,7.43850,2.40600,6.39700,2705,2.70500,,242.31055,102,404.00000,101,95,292,20,101,44,1,4,0,4,15,22,7778,606,332,2,,,,,
104,"Gila At 115thAve","2001-02-20 00:00:00","B",51.00000,1,,8,0,100,0,0,0,0,0,3,9.09000,0,3,,,36,,,7.42688,2.39700,6.40200,2708,2.70800,,234.59795,98,402.00000,100,97,296,20,102,45,1,4,0,4,14,22,7834,591,328,2,,,,,
105,"Gila At 115thAve","2001-02-20 00:00:00","C",51.00000,1,,8,0,99,1,0,0,0,0,3,9.47000,1,7,,,14,,,7.50960,2.48400,6.39000,2701,2.70100,,238.55617,100,399.00000,99,98,303,19,98,44,1,4,0,4,15,23,,,,,,,,,5
106,"Buckeye Canal At Bullard","2001-02-20 00:00:00","A",51.00000,1,,,,,,,,,,3,,,,,,,,,,,,,,,,,,,,,,,,,,,,,,,439,237,2,,,,,
107,"Buckeye Canal At Bullard","2001-02-20 00:00:00","B",51.00000,1,,,,,,,,,,3,,,,,,,,,,,,,,,,,,,,,,,,,,,,,,,422,230,2,,,,,
108,"Buckeye Canal At Bullard","2001-02-20 00:00:00","C",51.00000,1,,,,,,,,,,3,,,,,,,,,,,,,,,,,,,,,,,,,,,,,,,,,,,,,,
109,"Buckeye Canal At Jackrabbit","2001-02-20 00:00:00","A",51.00000,1,,7,0,82,18,-1,0,0,0,2,6.71000,,,0,2,,474,,8.21365,1.28800,6.74700,2236,2.23600,,248.04781,104,455.00000,113,104,318,17,85,49,1,4,0,5,18,30,4102,415,225,2,,,,,
110,"Buckeye Canal At Jackrabbit","2001-02-20 00:00:00","B",51.00000,1,,7,0,82,18,-1,0,0,0,2,6.75000,,,0,3,,280,,8.24039,1.29700,6.79300,2244,2.24400,,240.02283,101,459.00000,114,106,330,18,89,49,1,4,0,4,17,29,4091,412,222,2,,,,,
111,"91TP","2000-02-04 00:00:00","A",35.00000,,,,,,,,,,,,,,,,,,,,,,,,,,,,,,,,,,,,,,,,,,,,,,,,,
112,"91TP","2000-02-04 00:00:00","B",35.00000,,,,,,,,,,,,,,,,,,,,,,,,,,,,,,,,,,,,,,,,,,,,,,,,,
113,"91TP","2000-02-04 00:00:00","C",35.00000,,,,,,,,,,,,,,,,,,,,,,,,,,,,,,,,,,,,,,,,,,,,,,,,,
114,"Gila At Gillespie","2000-02-04 00:00:00","A",35.00000,,,,,,,,,,,,,,,,,,,,,,,,,,,,,,,,,,,,,,,,,,,,,,,,,
115,"Gila At Gillespie","2000-02-04 00:00:00","B",35.00000,,,,,,,,,,,,,,,,,,,,,,,,,,,,,,,,,,,,,,,,,,,,,,,,,
116,"Gila At Gillespie","2000-02-04 00:00:00","C",35.00000,,,,,,,,,,,,,,,,,,,,,,,,,,,,,,,,,,,,,,,,,,,,,,,,,
117,"91TP","2000-03-15 00:00:00","A",75.00000,,,,,,,,,,,,,,,,,,,,,,,,,,,,,,,,,,,,,,,,,,,,,,,,,
118,"91TP","2000-03-15 00:00:00","B",75.00000,,,,,,,,,,,,,,,,,,,,,,,,,,,,,,,,,,,,,,,,,,,,,,,,,
119,"91TP","2000-03-15 00:00:00","C",75.00000,,,,,,,,,,,,,,,,,,,,,,,,,,,,,,,,,,,,,,,,,,,,,,,,,
120,"Buckeye Canal At Bullard","2000-03-15 00:00:00","A",75.00000,,,,,,,,,,,,,,,,,,,,,,,,,,,,,,,,,,,,,,,,,,,,,,,,,
121,"Buckeye Canal At Jackrabbit","2001-02-20 00:00:00","C",51.00000,1,6,7,0,82,18,-1,0,0,0,2,6.20000,,,0,4,,210,,8.27466,1.29600,6.74800,2222,2.22200,,234.44217,98,461.00000,115,106,326,17,88,50,1,4,0,5,16,29,,,,,,,,,20
122,"Buckeye Canal At Baseline","2001-02-20 00:00:00","A",51.00000,1,,7,0,83,17,-1,0,0,0,2,8.33000,,,0,4,,216,,8.63020,1.07400,7.25900,2207,2.20700,,229.79667,96,419.00000,104,101,290,17,87,49,1,4,0,5,16,27,3200,387,211,2,,,,,
123,"Buckeye Canal At Baseline","2001-02-20 00:00:00","B",51.00000,1,,7,0,83,17,-1,0,0,0,2,8.70000,0,4,0,4,22,216,10,8.74941,1.08000,7.32600,2196,2.19600,,227.03393,95,422.00000,105,102,305,17,88,49,1,4,0,5,16,27,3207,428,230,2,,,,,
124,"Buckeye Canal At Baseline","2001-02-20 00:00:00","C",51.00000,1,,7,0,82,18,-1,0,0,0,2,8.29000,,,0,3,,262,,8.64556,1.07300,7.23700,2197,2.19700,,231.97486,97,417.00000,104,102,308,17,87,48,1,4,0,5,16,27,,,,,,,,,30
125,"Hassayampa","2001-02-20 00:00:00","A",51.00000,1,,6,0,81,19,-2,0,0,0,2,8.74000,2,26,,,3,,,6.64637,0.30400,6.19200,2234,2.23400,,293.84898,123,505.00000,126,114,357,18,91,51,1,4,0,5,20,31,2307,332,195,2,,,,,
126,"Hassayampa","2001-02-20 00:00:00","B",51.00000,1,,7,0,82,18,-1,0,0,0,2,8.66000,2,25,0,5,4,158,44,6.56699,0.29800,6.17500,2253,2.25300,,257.03935,108,511.00000,127,114,340,18,91,52,1,4,0,5,17,31,2290,323,192,2,,,,,
127,"Hassayampa","2001-02-20 00:00:00","C",51.00000,1,1,6,0,79,21,-2,0,0,0,2,8.75000,2,26,0,4,3,199,60,6.60971,0.30400,6.21400,2254,2.25400,,256.06314,107,509.00000,127,115,333,18,90,54,1,4,0,5,17,31,,,,,,,,,48
128,"Gila At Arlington","2001-02-20 00:00:00","A",51.00000,1,,5,0,57,43,-3,0,0,0,2,6.58000,,,,,,,,12.97380,0.09100,8.38900,1494,1.49400,,631.01034,265,900.00000,224,214,331,14,69,102,1,5,0,12,56,72,2706,324,190,2,,,,,
129,"Gila At Arlington","2001-02-20 00:00:00","B",51.00000,1,,5,0,60,40,-3,0,0,0,1,5.58000,,,,,,,,12.68261,0.09400,8.29000,1511,1.51100,,654.56050,274,902.00000,225,213,732,14,69,102,1,5,0,12,58,73,2684,331,194,2,,,,,
130,"Gila At Arlington","2001-02-20 00:00:00","C",51.00000,1,,5,0,58,42,-3,0,0,0,1,5.59000,,,,,,,,12.77356,0.09600,8.30900,1504,1.50400,,682.81912,286,903.00000,225,217,758,14,70,103,1,5,0,12,60,72,,,,,,,,,59
131,"Gila At Gillespie","2001-02-20 00:00:00","A",51.00000,1,,5,0,61,39,-3,0,0,0,2,9.16000,1,7,0,,9,279,31,13.13401,0.08000,8.45300,1485,1.48500,,535.04088,224,890.00000,222,186,714,14,69,88,1,5,0,10,48,72,1881,,,,,,,,
132,"Gila At Gillespie","2001-02-20 00:00:00","B",51.00000,1,,5,0,60,40,-3,0,0,0,2,8.76000,0,3,0,7,24,112,5,13.11214,0.06600,8.47000,1488,1.48800,,533.71497,224,890.00000,222,189,619,14,69,89,1,5,0,11,48,72,1875,,,,,,,,
133,"Gila At Gillespie","2001-02-20 00:00:00","C",51.00000,1,5,5,0,62,38,-3,0,0,0,1,9.08000,1,6,,,11,,,13.00382,0.06900,8.44200,1496,1.49600,,534.15921,224,895.00000,223,186,670,14,69,89,1,5,0,10,48,72,,,,,,,,,67
134,"91TP","2001-03-08 00:00:00","A",67.00000,0,,9,1,100,0,0,0,,0,4,6.70000,,,3,83,,8,,24.72859,1.19000,5.61500,629,0.62900,,193.13264,85,225.00000,100,75,650,18,102,30,1,5,0,3,13,14,13759,,,,,,,,
135,"91TP","2001-03-08 00:00:00","B",67.00000,0,,9,1,103,-3,0,0,,0,4,6.62600,,,3,82,,8,,24.20586,1.20000,5.62000,644,0.64400,,251.59912,111,225.00000,100,74,204,18,101,30,1,6,0,3,17,14,13614,,,,,,,,
136,"91TP","2001-03-08 00:00:00","C",67.00000,0,,9,1,97,3,0,0,,0,4,6.86800,0,1,3,83,190,8,,24.45391,1.20500,5.61000,637,0.63700,,236.85215,104,225.00000,100,71,197,17,98,30,1,6,0,3,17,14,,,,,,,,,1
137,"Gila At 115thAve","2001-03-08 00:00:00","A",67.00000,0,,8,0,89,11,-1,0,,0,4,7.69000,,,3,84,,7,,31.97256,1.84500,6.31000,583,0.58300,,251.76140,111,490.00000,218,120,178,18,102,49,1,4,0,4,17,30,13747,,,,,,,,
138,"Gila At 115thAve","2001-03-08 00:00:00","B",67.00000,0,,8,0,87,13,-1,0,,0,3,7.71000,,,2,81,,8,,32.61863,1.82000,6.30000,569,0.56900,,232.96273,103,490.00000,218,124,305,18,101,46,1,4,0,4,16,31,13777,,,,,,,,
139,"Gila At 115thAve","2001-03-08 00:00:00","C",67.00000,0,,8,0,88,12,-1,0,,0,3,7.80900,,,3,83,,8,,32.42757,1.83500,6.28000,572,0.57200,,442.69927,195,445.00000,198,122,327,18,100,46,1,7,0,4,31,28,,,,,,,,,5
140,"BuckeyeCanal At Bullard","2001-03-08 00:00:00","A",67.00000,0,,8,0,85,15,-1,0,,0,3,6.30200,0,1,2,82,118,10,0,31.02746,0.70500,5.58000,463,0.46300,,442.38239,195,445.00000,198,113,291,17,98,43,1,8,0,4,31,29,7449,,,,,,,,
141,"BuckeyeCanal At Bullard","2001-03-08 00:00:00","B",67.00000,0,,8,0,89,11,-1,0,,0,3,6.23100,0,0,2,83,1594,9,0,30.80745,0.62000,5.58000,460,0.46000,,228.02140,100,450.00000,200,113,286,17,98,44,1,4,0,4,16,29,7336,,,,,,,,
142,"BuckeyeCanal At Bullard","2001-03-08 00:00:00","C",67.00000,0,6,8,0,83,17,-2,0,,0,3,6.04400,,,2,84,,8,,30.62461,0.61500,5.57500,462,0.46200,,462.08103,203,490.00000,218,112,286,16,93,43,1,8,0,4,35,33,,,,,,,,,13
143,"Buckeye Canal At Jackrabbit","2001-03-08 00:00:00","A",67.00000,0,,8,0,82,18,-2,0,,0,2,7.06900,,,2,82,,10,,39.95767,0.64000,6.44000,405,0.40500,,246.00767,108,490.00000,218,123,282,17,94,50,1,4,0,5,18,33,5168,,,,,,,,
144,"Buckeye Canal At Jackrabbit","2001-03-08 00:00:00","B",67.00000,0,,7,0,80,20,-2,0,,0,2,6.81000,,,2,82,,10,,40.45714,0.64500,6.43500,400,0.40000,,190.64620,84,490.00000,218,120,307,17,98,48,0,3,0,4,14,31,5139,,,,,,,,
145,"Buckeye Canal At Jackrabbit","2001-03-08 00:00:00","C",67.00000,0,,7,0,74,26,-2,0,,0,2,7.05100,,,2,84,,8,,40.47261,0.64500,6.42000,399,0.39900,,237.74462,105,395.00000,176,118,353,16,89,48,1,4,0,5,19,28,,,,,,,,,20
146,"Buckeye Canal At Baseline","2001-03-08 00:00:00","A",67.00000,0,,6,0,68,32,-3,0,,0,2,7.09700,,,1,81,,12,,49.02345,0.57000,6.61500,335,0.33500,,238.37337,105,395.00000,176,0,236,14,78,40,1,4,0,5,21,32,4563,,,,,,,,
147,"Buckeye Canal At Baseline","2001-03-08 00:00:00","B",67.00000,0,,6,0,71,29,-3,0,,0,2,7.04500,,,2,82,,11,,49.71946,0.57000,6.63000,331,0.33100,,198.01249,87,400.00000,178,105,236,14,82,41,1,4,0,5,17,30,4474,,,,,,,,
148,"Buckeye Canal At Baseline","2001-03-08 00:00:00","C",67.00000,0,,7,0,74,26,-2,0,,0,2,6.57000,,,1,81,,12,,50.06135,0.57000,6.57000,326,0.32600,,239.43798,105,395.00000,176,106,271,15,83,44,1,4,0,5,20,30,,,,,,,,,30
149,"Hassayampa","2001-03-08 00:00:00","A",67.00000,0,,6,0,65,35,-3,0,,0,2,8.80600,0,3,2,83,31,8,0,48.38846,1.07000,7.52500,406,0.40600,,194.50040,86,415.00000,184,108,274,14,78,48,1,3,0,6,17,33,3667,,,,,,,,
150,"Hassayampa","2001-03-08 00:00:00","B",67.00000,0,,6,0,63,37,-3,0,,0,2,8.69900,0,1,2,82,55,8,0,48.99181,1.08000,7.51500,401,0.40100,,200.09569,88,415.00000,184,111,282,14,77,47,1,3,0,6,18,34,3698,,,,,,,,
151,"Hassayampa","2001-03-08 00:00:00","C",67.00000,0,3,6,0,64,36,-3,0,,0,2,8.76400,0,2,2,84,37,7,0,48.19753,1.06500,7.47500,405,0.40500,,203.85850,90,415.00000,184,110,268,13,76,46,1,3,0,6,19,34,,,,,,,,,48
152,"Gila At Gillespie","2001-03-08 00:00:00","A",67.00000,0,,6,0,63,37,-3,0,,0,1,8.08900,,,1,83,,13,,78.99582,0.55500,7.70500,239,0.23900,,193.08177,85,715.00000,318,169,547,14,80,70,0,2,0,8,17,56,4078,,,,,,,,
153,"Gila At Gillespie","2001-03-08 00:00:00","B",67.00000,0,,6,0,62,38,-3,0,,0,1,8.19900,,,1,82,,14,,79.71188,0.53500,7.76500,238,0.23800,,195.96858,86,725.00000,322,165,521,13,76,68,0,2,0,8,18,60,4012,,,,,,,,
154,"Gila At Gillespie","2001-03-08 00:00:00","C",67.00000,0,8,6,0,64,36,-3,0,,0,1,8.30500,,,1,82,,14,,85.43492,0.54000,7.87000,225,0.22500,,198.73638,87,710.00000,316,168,523,14,78,70,0,2,0,8,18,57,,,,,,,,,67
155,"Salt","2001-03-20 00:00:00","A",79.00000,,,3,1,,,,0,,0,0,0.08500,0,,0,73,,185,,,,,14,0.01400,,55.13833,,,,44,42,3,,31,,,,,,,49224,98,67,1,,,,,
156,"Salt","2001-03-20 00:00:00","B",79.00000,,,2,1,,,,0,,0,0,0.09100,0,,0,73,,152,,,,,13,0.01300,,54.84118,,,,43,40,3,,31,,,,,,,49132,95,66,1,,,,,
157,"Salt","2001-03-20 00:00:00","C",79.00000,,,2,1,,,,0,,0,0,0.09200,0,,0,73,,152,,,,,14,0.01400,,54.73725,,,,43,42,3,,31,,,,,,,49776,97,68,1,,,,,
158,"Syc","2001-03-20 00:00:00","A",79.00000,,,4,5,,,,0,,0,0,0.15600,0,,,,,,,,,0.02600,43,0.04300,,14.25553,,,,27,12,1,,12,,,,,,,28245,204,142,1,,,,,
159,"Syc","2001-03-20 00:00:00","B",79.00000,,,4,6,,,,0,,0,0,0.13900,0,79,,,43,,,1.54153,0.00300,0.02600,43,0.04300,,14.43019,,,,27,12,1,,11,,,,,,,28061,204,142,1,,,,,
160,"Syc","2001-03-20 00:00:00","C",79.00000,,,4,6,,,,0,,0,0,0.14000,0,79,,,43,,,1.54153,0.00200,0.02700,43,0.04300,,15.08146,,,,27,12,1,,11,,,,,,,27969,,,,,,,,
161,"Gila At 115thAve","2001-03-20 00:00:00","A",79.00000,10,,8,0,109,-9,1,0,0,0,2,8.94000,1,10,0,3,10,321,31,8.89804,1.76600,6.23000,2054,2.05400,,231.64969,98,484.00000,100,107,310,17,97,45,1,4,0,4,17,32,11812,605,330,2,,,,,
162,"Gila At 115thAve","2001-03-20 00:00:00","B",79.00000,10,,8,0,108,-8,1,0,0,0,2,8.04700,,,0,5,,177,,8.94823,1.85200,6.24000,2067,2.06700,,237.25688,100,484.00000,100,105,315,18,103,45,1,4,0,4,16,30,11810,607,333,2,,,,,
163,"Gila At 115thAve","2001-03-20 00:00:00","C",79.00000,10,,6,0,83,17,-1,,0,,2,8.34900,0,3,0,3,24,243,10,9.03571,1.85500,6.24100,2048,2.04800,,240.42928,102,485.00000,100,107,320,17,100,44,1,4,0,4,17,31,,,,,,,,,5
164,"Buckeye Canal At Jackrabbit","2001-03-20 00:00:00","A",79.00000,10,,6,0,82,18,-1,0,0,0,2,10.42400,0,2,0,7,34,133,4,15.40301,1.74200,8.50100,1520,1.52000,,321.89961,136,576.00000,119,128,375,14,84,58,1,4,0,6,27,44,6669,392,216,2,,,,,
165,"Buckeye Canal At Jackrabbit","2001-03-20 00:00:00","B",79.00000,10,,6,0,80,20,-1,0,0,0,2,9.92600,,,0,7,,131,,15.15586,1.72800,8.47000,1538,1.53800,,278.27766,118,581.00000,120,129,375,15,85,59,1,4,0,6,23,44,6699,387,214,2,,,,,
166,"Buckeye Canal At Jackrabbit","2001-03-20 00:00:00","C",79.00000,10,7,5,0,73,27,-2,0,0,0,2,9.90600,,,0,8,,102,,15.39770,1.73700,8.48900,1518,1.51800,,285.41265,121,583.00000,120,132,365,15,85,56,1,4,0,6,24,44,,,,,,,,,20
167,"Buckeye Canal At Baseline","2001-03-20 00:00:00","A",79.00000,10,,5,0,73,27,-2,0,0,0,2,11.91900,,,0,13,,70,,20.27623,1.61900,10.40100,1355,1.35500,,312.03943,132,643.00000,133,148,415,13,76,64,1,4,0,8,29,54,5940,325,180,2,,,,,
168,"Buckeye Canal At Baseline","2001-03-20 00:00:00","B",79.00000,10,,5,0,75,25,-2,0,0,0,2,11.86500,,,0,11,,84,,20.48463,1.62800,10.40800,1343,1.34300,,392.02496,166,637.00000,132,149,426,14,79,63,1,5,0,7,35,52,5933,339,188,2,,,,,
169,"Buckeye Canal At Baseline","2001-03-20 00:00:00","C",79.00000,10,,5,0,75,25,-2,0,0,0,2,11.80400,,,0,14,,65,,20.59713,1.62200,10.39900,1334,1.33400,,340.74988,144,636.00000,131,148,412,14,79,61,1,4,0,7,30,51,,,,,,,,,30
170,"Hassayampa","2001-03-20 00:00:00","A",79.00000,10,,5,0,75,25,-2,0,0,0,1,11.17500,0,3,0,2,21,598,29,18.86409,0.74300,10.11800,1316,1.31600,,339.87432,144,670.00000,138,151,441,14,78,64,1,4,0,8,31,55,2811,292,164,2,,,,,
171,"Hassayampa","2001-03-20 00:00:00","B",79.00000,10,,5,0,75,25,-2,0,0,0,1,11.52800,1,6,0,5,10,190,20,18.80346,0.74000,10.11900,1320,1.32000,,351.67017,149,670.00000,138,153,437,13,78,65,1,4,0,8,32,55,2800,300,168,2,,,,,
172,"Hassayampa","2001-03-20 00:00:00","C",79.00000,10,2,5,0,65,35,-3,0,0,0,1,11.54200,1,6,0,5,8,192,23,18.94499,0.74700,10.14400,1314,1.31400,,358.79499,152,669.00000,138,155,424,14,79,64,1,4,0,7,32,54,,,,,,,,,48
173,"Gila At Arlington","2001-03-20 00:00:00","A",79.00000,10,,5,0,64,36,-3,0,0,0,1,10.27900,0,1,,,38,,,23.27169,0.25900,9.90200,998,0.99800,,572.77813,242,965.00000,199,201,662,13,77,87,1,5,0,11,53,80,2936,293,173,2,,,,,
174,"Gila At Arlington","2001-03-20 00:00:00","B",79.00000,10,,5,0,64,36,-3,0,0,0,1,10.69100,1,5,0,1,10,1981,204,22.90698,0.24300,9.86900,1009,1.00900,,574.64233,243,972.00000,201,200,654,13,76,87,1,5,0,11,54,82,2936,296,176,2,,,,,
175,"Gila At Arlington","2001-03-20 00:00:00","C",79.00000,10,,,,,,,0,0,,1,10.38500,0,2,0,2,,,34,23.05729,0.24800,9.89000,1005,1.00500,,572.88164,,971.00000,,201,659,13,,86,1,5,0,11,54,83,,289,173,2,,,,,59
176,"Gila At Gillespie","2001-03-20 00:00:00","A",79.00000,10,,5,0,78,22,-1,0,0,0,1,9.78200,0,1,0,4,75,307,4,23.62964,0.09300,9.57300,935,0.93500,,563.88579,265,955.00000,351,195,676,13,84,90,1,5,0,11,54,82,2113,307,183,2,,,,,
177,"Gila At Gillespie","2001-03-20 00:00:00","B",79.00000,10,,5,0,78,22,-1,0,0,0,1,9.85900,0,2,,,36,,,23.74020,0.14500,9.58700,937,0.93700,,140.56463,66,953.00000,350,197,685,13,83,90,0,1,0,12,14,83,2122,246,148,2,,,,,
178,"Gila At Gillespie","2001-03-20 00:00:00","C",79.00000,10,5,5,0,84,16,-1,0,0,0,1,9.69700,,,0,4,,334,,24.12891,0.13600,9.59700,922,0.92200,,584.25333,274,954.00000,350,194,662,13,83,89,1,5,0,11,56,83,,,,,,,,,67
179,"Gila At 115thAve","2001-04-30 00:00:00","A",120.00000,32,,7,0,100,0,0,0,0,0,2,6.48000,1,11,0,5,12,173,15,6.08799,1.91100,3.68500,2101,2.10100,,246.89823,100,371.00000,99,109,288,16,100,44,1,4,0,5,19,26,,517,285,2,,,,,
180,"Gila At 115thAve","2001-04-30 00:00:00","B",120.00000,32,,7,0,100,0,0,0,0,0,2,6.74000,1,14,0,5,9,171,20,6.44107,1.91600,4.04400,2115,2.11500,,,0,382.00000,101,108,292,16,99,44,,,0,5,,27,,508,277,2,,,,,
181,"Gila At 115thAve","2001-04-30 00:00:00","C",120.00000,32,7,7,0,100,0,0,0,0,0,,,,,,,,,,,,,,,,,0,,0,109,288,16,101,45,,,,,,,,,,,,,,,5
182,"Buckeye Canal At Jackrabbit","2001-04-30 00:00:00","A",120.00000,32,,5,0,66,34,-2,0,0,0,1,9.95000,2,22,0,7,3,138,54,14.14914,0.36700,7.37700,1251,1.25100,,345.74218,140,632.00000,168,156,453,13,81,73,1,4,0,9,34,55,,271,154,2,,,,,
183,"Buckeye Canal At Jackrabbit","2001-04-30 00:00:00","B",120.00000,32,,5,0,68,32,-2,0,0,0,1,8.73000,1,11,0,8,6,122,20,14.15878,0.37400,7.46200,1265,1.26500,,357.30102,145,636.00000,169,156,447,13,81,73,1,4,0,9,34,55,,264,151,2,,,,,
184,"Buckeye Canal At Jackrabbit","2001-04-30 00:00:00","C",120.00000,32,14,5,0,66,34,-2,0,0,0,,10.03000,,,,,,,,,,,,,,349.07126,141,,0,156,465,12,80,71,,,,,34,,,,,,,,,,20
185,"Buckeye Canal At Baseline","2001-04-30 00:00:00","A",120.00000,32,,4,0,49,51,-4,0,0,0,1,,,,1,43,,16,,31.37796,0.13800,10.55600,779,0.77900,,,0,734.00000,195,180,551,11,68,81,,,0,12,,76,,216,123,2,,,,,
186,"Buckeye Canal At Baseline","2001-04-30 00:00:00","B",120.00000,32,,3,0,48,52,-4,0,0,0,1,15.80000,5,33,0,13,1,79,103,31.67899,0.13600,10.52200,769,0.76900,,482.23898,195,726.00000,193,186,571,11,71,84,1,4,0,12,54,73,,215,121,2,,,,,
187,"Buckeye Canal At Baseline","2001-04-30 00:00:00","C",120.00000,32,8,4,0,49,51,-4,0,0,0,1,12.20000,2,13,,,3,,,,0.13900,10.48900,,,,479.16095,194,723.00000,192,185,556,11,70,82,1,4,0,12,54,73,,,,,,,,,30
188,"Hassayampa","2001-04-30 00:00:00","A",120.00000,32,,4,0,51,49,-4,0,0,0,0,15.44000,1,9,0,4,3,457,146,70.27823,0.18500,13.89700,458,0.45800,,651.98890,264,751.00000,199,202,624,10,67,80,1,6,0,12,77,80,,172,101,2,,,,,
189,"Hassayampa","2001-04-30 00:00:00","B",120.00000,32,,4,0,51,49,-4,0,0,0,0,15.67000,2,10,0,8,3,231,86,69.44639,0.19300,13.93500,465,0.46500,,608.07796,246,758.00000,201,204,642,10,67,80,1,6,0,12,71,80,,232,146,2,,,,,
190,"Hassayampa","2001-04-30 00:00:00","C",120.00000,32,1,3,0,48,52,-4,0,0,0,0,15.82000,2,11,,,2,,,69.69944,0.19000,13.89800,462,0.46200,,642.59504,260,761.00000,202,204,638,10,67,80,1,6,0,12,76,81,,,,,,,,,48
191,"Gila At Arlington","2001-04-30 00:00:00","A",120.00000,32,,4,0,59,41,-3,0,0,0,0,13.09000,1,11,0,16,3,168,50,80.72727,0.00800,11.64700,330,0.33000,,,0,923.00000,245,229,769,11,73,96,,,0,13,,89,,220,140,2,,,,,
192,"Gila At Arlington","2001-04-30 00:00:00","B",120.00000,32,,4,0,56,44,-3,0,0,0,0,13.65000,2,15,0,9,2,326,141,81.67060,0.01300,11.67100,327,0.32700,,749.99093,304,933.00000,248,236,772,11,71,100,1,6,0,15,83,93,,238,150,2,,,,,
193,"Gila At Arlington","2001-04-30 00:00:00","C",120.00000,32,,4,0,59,41,-3,0,0,0,0,12.77000,1,9,0,6,4,501,117,81.21670,0.01300,11.53500,325,0.32500,,757.06782,307,822.00000,218,232,758,11,72,97,1,6,0,14,82,80,,,,,,,,,59
194,"Gila At Gillespie","2001-04-30 00:00:00","A",120.00000,32,,4,0,56,44,-3,0,0,0,0,12.62000,2,13,0,6,3,633,226,99.91577,0.00500,10.96700,251,0.25100,,,0,994.00000,264,232,822,11,71,104,,,0,15,,100,,,,,,,,,
195,"Gila At Gillespie","2001-04-30 00:00:00","B",120.00000,32,,4,0,56,44,-3,0,0,0,0,12.63000,2,13,0,5,3,838,301,99.15083,0.00200,10.88600,251,0.25100,,,0,976.00000,259,236,827,11,71,103,,,0,15,,98,,,,,,,,,
196,"Gila At Gillespie","2001-04-30 00:00:00","C",120.00000,32,4,4,0,58,42,-3,0,0,0,0,12.71000,2,14,0,22,3,151,55,99.32468,0.01000,10.98400,253,0.25300,,785.68938,318,986.00000,262,239,805,11,71,104,1,6,0,15,87,99,,,,,,,,,67
197,"91TP","2001-06-12 00:00:00","A",163.00000,35,,9,,99,1,0,0,,0,3,4.65500,0,9,1,33,26,25,1,4.33289,1.94800,2.13900,2156,2.15600,,207.00000,100,315.00000,92,,,,,,,,,,,,,761,422,2,,,,,
198,"91TP","2001-06-12 00:00:00","B",163.00000,35,,9,,99,1,0,0,,0,3,4.70200,0,10,1,33,24,25,1,4.86234,1.89500,2.31700,1980,1.98000,,206.00000,100,328.00000,96,,,,,,,,,,,,,771,425,2,,,,,
199,"91TP","2001-06-12 00:00:00","C",163.00000,35,2,10,,102,-2,0,0,,0,3,4.62600,0,8,1,32,29,26,1,5.54532,1.87900,2.56800,1833,1.83300,,205.00000,100,382.00000,112,,,,,,,,,,,,,,,,,,,,1
200,"Gila At 115thAve","2001-06-12 00:00:00","A",163.00000,35,,8,,88,12,-1,0,0,0,3,5.00400,0,3,1,39,61,18,0,6.06853,1.80100,2.97000,1797,1.79700,,237.00000,115,420.00000,123,,,,,,,,,,,,,526,281,2,,,,,
201,"Gila At 115thAve","2001-06-12 00:00:00","B",163.00000,35,,8,,88,12,-1,0,0,0,3,5.05100,0,4,1,38,47,19,0,5.65613,1.80500,2.96100,1926,1.92600,,236.00000,115,279.00000,82,,,,,,,,,,,,,516,279,2,,,,,
202,"Gila At 115thAve","2001-06-12 00:00:00","C",163.00000,35,13,8,,88,12,-1,0,0,0,3,9.10300,4,47,1,38,2,19,9,6.57324,1.79000,3.21100,1739,1.73900,,238.00000,116,431.00000,126,,,,,,,,,,,,,,,,,,,,5
203,"Buckeye Canal At Jackrabbit","2001-06-12 00:00:00","A",163.00000,35,,5,,57,43,-4,0,0,0,1,8.72400,0,1,0,33,53,33,1,23.81344,0.19100,8.42500,827,0.82700,,606.00000,294,811.00000,237,,,,,,,,,,,,,256,145,2,,,,,
204,"Buckeye Canal At Jackrabbit","2001-06-12 00:00:00","B",163.00000,35,,5,,56,44,-4,0,0,0,1,8.80800,0,2,1,39,30,25,1,23.96798,0.18800,8.42100,821,0.82100,,634.00000,308,809.00000,237,,,,,,,,,,,,,247,139,2,,,,,
205,"Buckeye Canal At Jackrabbit","2001-06-12 00:00:00","C",163.00000,35,11,5,,55,45,-4,0,0,0,1,8.81300,0,2,1,40,29,24,1,23.70912,0.18700,8.41200,829,0.82900,,634.00000,308,808.00000,236,,,,,,,,,,,,,,,,,,,,20
206,"Buckeye Canal At Baseline","2001-06-12 00:00:00","A",163.00000,35,,4,,46,54,-5,0,0,0,1,11.11200,0,3,0,38,16,32,2,43.48915,0.11100,10.65800,566,0.56600,,872.00000,423,801.00000,234,,,,,,,,,,,,,201,114,2,,,,,
207,"Buckeye Canal At Baseline","2001-06-12 00:00:00","B",163.00000,35,,4,,45,55,-5,0,0,0,1,11.23900,0,4,0,37,11,32,3,42.51743,0.08800,10.73800,582,0.58200,,891.00000,433,818.00000,239,,,,,,,,,,,,,202,115,2,,,,,
208,"Buckeye Canal At Baseline","2001-06-12 00:00:00","C",163.00000,35,7,4,,44,56,-5,0,0,0,1,11.20900,0,4,0,39,12,29,2,43.25213,0.10300,10.68300,570,0.57000,,901.00000,437,818.00000,239,,,,,,,,,,,,,,,,,,,,30
209,"Gila At Hywy85","2001-06-15 00:00:00","A",166.00000,35,,5,,,,,0,,0,0,5.47000,0,2,0,24,,,10,152.34286,0.00800,5.32400,80,0.08000,,667.00000,324,1216.00000,356,,,,,,,,,,,,,,,,,,,,
210,"Gila At Hywy85","2001-06-15 00:00:00","B",166.00000,35,,5,,,,,0,,0,0,5.20100,,,,,,,,137.86196,0.01800,5.35000,89,0.08900,,686.00000,333,1212.00000,355,,,,,,,,,,,,,,,,,,,,
211,"Gila At Hywy85","2001-06-15 00:00:00","C",166.00000,35,,5,,,,,0,,0,0,5.19400,,,0,40,,,,135.18730,0.01300,5.31000,90,0.09000,,689.00000,334,1207.00000,353,,,,,,,,,,,,,,,,,,,,
212,"Hassayampa","2001-06-12 00:00:00","A",163.00000,35,,4,,39,61,-6,0,0,0,1,16.82600,1,9,0,37,3,42,15,92.69366,0.03800,15.12900,374,0.37400,,670.00000,325,804.00000,235,,,,,,,,,,,,,145,86,2,,,,,
213,"Hassayampa","2001-06-12 00:00:00","B",163.00000,35,,4,,38,62,-6,0,0,0,1,16.95700,2,10,0,35,3,45,18,93.73847,0.00600,15.49600,378,0.37800,,692.00000,336,801.00000,234,,,,,,,,,,,,,151,89,2,,,,,
214,"Hassayampa","2001-06-12 00:00:00","C",163.00000,35,1,4,,38,62,-6,0,0,0,1,16.44800,1,7,0,36,4,43,12,92.58651,0.00300,15.34900,379,0.37900,,689.00000,334,802.00000,235,,,,,,,,,,,,,,,,,,,,48
215,"Gila At Arlington","2001-06-12 00:00:00","A",163.00000,35,,5,,49,51,-5,0,0,0,0,14.04000,1,5,,,8,,,180.92101,,13.45600,170,0.17000,,827.00000,401,955.00000,280,,,,,,,,,,,,,212,132,2,,,,,
216,"Gila At Arlington","2001-06-12 00:00:00","B",163.00000,35,,5,,49,51,-5,0,0,0,0,14.05000,1,5,,,8,,,172.77689,0.00400,13.45100,178,0.17800,,827.00000,401,977.00000,286,,,,,,,,,,,,,213,132,2,,,,,
217,"Gila At Arlington","2001-06-12 00:00:00","C",163.00000,35,,5,,49,51,-5,0,0,0,0,14.47500,1,8,0,21,5,615,125,161.02128,0.01000,13.23400,188,0.18800,,818.00000,397,969.00000,284,,,,,,,,,,,,,,,,,,,,59
218,"Gila At Gillespie","2001-06-12 00:00:00","A",163.00000,35,,5,,49,51,-5,0,0,0,0,10.61300,1,10,0,95,5,41,8,1466.20952,0.02300,9.59900,15,0.01500,,1006.00000,488,1134.00000,332,,,,,,,,,,,,,235,150,2,,,,,
219,"Gila At Gillespie","2001-06-12 00:00:00","B",163.00000,35,,5,,49,51,-5,0,0,0,0,10.58600,1,9,0,95,5,40,7,1467.73333,0.02400,9.60800,15,0.01500,,999.00000,485,1135.00000,332,,,,,,,,,,,,,248,157,2,,,,,
220,"Gila At Gillespie","2001-06-12 00:00:00","C",163.00000,35,1,5,,49,51,-5,0,0,0,0,10.30200,1,7,0,96,8,38,5,1677.36264,0.00900,9.53100,13,0.01300,,979.00000,475,1140.00000,334,,,,,,,,,,,,,,,,,,,,67
221,"Gila At 115thAve","2001-07-31 00:00:00","A",212.00000,32,,8,0,100,0,0,0,0,0,3,6.63000,0,5,1,33,27,19,1,6.38961,4.37300,1.90000,2244,2.24400,,236.00000,100,479.00000,100,99,341,20,99,37,1,5,0,3,14,26,,606,322,2,,,,,
222,"Gila At 115thAve","2001-07-31 00:00:00","B",212.00000,32,,8,0,99,1,0,0,0,0,3,6.43000,0,3,1,33,58,19,0,6.36538,4.34400,1.90800,2245,2.24500,,235.00000,100,477.00000,100,99,352,21,102,38,1,5,0,3,14,25,,575,310,2,,,,,
223,"Gila At 115thAve","2001-07-31 00:00:00","C",212.00000,32,8,8,0,101,-1,0,0,0,0,3,6.37000,0,2,1,34,94,19,0,6.38961,4.36900,1.90400,2244,2.24400,,235.00000,100,475.00000,100,95,351,20,100,37,1,5,0,3,14,26,,,,,,,,,5
224,"Buckeye Canal At Jackrabbit","2001-07-31 00:00:00","A",212.00000,32,,5,0,61,39,-3,0,0,0,2,8.40000,0,4,1,35,19,22,1,16.83816,0.53400,7.56200,1099,1.09900,,458.00000,195,753.00000,158,181,536,14,66,72,1,5,0,9,41,61,,304,170,2,,,,,
225,"Buckeye Canal At Jackrabbit","2001-07-31 00:00:00","B",212.00000,32,,5,0,60,40,-3,0,0,0,2,8.12000,0,0,1,35,165,22,0,16.67397,0.52600,7.56400,1109,1.10900,,,0,760.00000,159,178,530,14,69,72,0,,0,8,,59,,301,169,2,,,,,
226,"Buckeye Canal At Jackrabbit","2001-07-31 00:00:00","C",212.00000,32,8,5,0,60,40,-3,0,0,0,2,8.18000,0,1,1,35,61,21,0,16.59869,0.52900,7.53900,1111,1.11100,,,0,759.00000,159,172,522,14,68,64,,,0,7,,60,,,,,,,,,20
227,"Buckeye Canal At Baseline","2001-07-31 00:00:00","A",212.00000,32,,4,0,48,52,-4,0,0,0,1,11.27000,0,3,0,31,15,29,2,32.13428,0.31500,10.69300,783,0.78300,,786.00000,334,814.00000,171,196,599,13,61,79,1,8,0,10,76,71,,236,123,2,,,,,
228,"Buckeye Canal At Baseline","2001-07-31 00:00:00","B",212.00000,32,,4,0,48,52,-4,0,0,0,1,11.11000,0,1,0,28,29,34,1,31.98248,0.32800,10.62800,783,0.78300,,798.00000,339,813.00000,170,190,620,13,64,83,1,7,0,10,74,68,,236,132,2,,,,,
229,"Buckeye Canal At Baseline","2001-07-31 00:00:00","C",212.00000,32,7,4,0,48,52,-4,,0,,1,11.10000,0,1,0,31,31,29,1,31.70591,0.32200,10.56700,785,0.78500,,808.00000,343,810.00000,170,199,616,14,66,79,1,8,0,9,73,66,,,,,,,,,30
230,"Gila At Hywy85","2001-07-31 00:00:00","A",212.00000,32,,5,0,65,35,-3,0,,0,0,5.72000,0,7,,,15,,,41.22867,0.01400,5.27100,293,0.29300,,878.00000,373,1080.00000,226,216,813,15,73,97,1,7,0,10,72,80,,322,200,2,,,,,
231,"Gila At Hywy85","2001-07-31 00:00:00","B",212.00000,32,,5,0,65,35,-3,0,,0,0,5.49000,0,4,,,32,,,41.48061,0.01400,5.26700,291,0.29100,,915.00000,389,1087.00000,228,231,800,15,75,94,1,7,0,10,73,78,,305,193,2,,,,,
232,"Gila At Hywy85","2001-07-31 00:00:00","C",212.00000,32,,5,0,65,35,-3,0,,,0,5.48000,0,3,,,34,,,41.29057,0.01700,5.29400,294,0.29400,,912.00000,388,1091.00000,229,229,838,16,78,98,1,7,0,10,70,76,,,,,,,,,45
233,"Hassayampa","2001-07-31 00:00:00","A",212.00000,32,,4,0,46,54,-4,0,0,0,1,14.33000,0,3,0,32,10,37,4,57.73622,0.19100,13.62600,547,0.54700,,671.00000,285,832.00000,174,206,690,12,58,81,1,6,0,11,69,77,,196,113,2,,,,,
234,"Hassayampa","2001-07-31 00:00:00","B",212.00000,32,,4,0,43,57,-5,0,0,0,1,14.06000,0,1,0,33,23,35,1,57.99791,0.18600,13.71900,548,0.54800,,678.00000,288,841.00000,176,205,676,12,58,78,1,7,0,11,70,78,,198,114,2,,,,,
235,"Hassayampa","2001-07-31 00:00:00","C",212.00000,32,2,4,0,42,58,-5,0,0,0,1,14.11000,0,2,0,32,18,35,2,58.17080,0.19600,13.72500,547,0.54700,,670.00000,285,833.00000,175,212,715,13,61,84,1,6,0,11,65,73,,,,,,,,,48
236,"Gila At Arlington","2001-07-31 00:00:00","A",212.00000,32,,4,0,46,54,-4,0,0,0,0,13.59000,0,2,,,13,,,76.51371,0.06900,13.18700,396,0.39600,,737.00000,313,949.00000,199,217,764,13,62,89,1,6,0,11,71,82,,221,135,2,,,,,
237,"Gila At Arlington","2001-07-31 00:00:00","B",212.00000,32,,4,0,45,55,-5,0,0,0,0,13.40000,0,1,,,30,,,77.98974,0.05600,13.25100,390,0.39000,,753.00000,320,947.00000,199,230,766,13,61,87,1,7,0,11,73,83,,219,134,2,,,,,
238,"Gila At Arlington","2001-07-31 00:00:00","C",212.00000,32,,4,0,45,55,-5,0,0,0,0,13.24000,,,,,,,,75.85930,0.05400,13.15500,398,0.39800,,751.00000,319,949.00000,199,213,771,13,65,88,1,6,0,11,69,79,,,,,,,,,59
239,"Gila At Gillespie","2001-07-31 00:00:00","A",212.00000,32,,4,0,47,53,-4,0,0,0,0,13.23000,0,,,,,,,138.17712,0.06300,13.29700,221,0.22100,,801.00000,340,1005.00000,211,263,845,13,64,98,1,6,0,12,75,85,,228,138,2,,,,,
240,"Gila At Gillespie","2001-07-31 00:00:00","B",212.00000,32,,4,0,48,52,-4,0,0,0,0,13.03000,,,,,,,,135.51907,0.05800,13.04500,221,0.22100,,1345.00000,572,1006.00000,211,259,829,13,62,90,1,11,0,11,129,87,,234,143,2,,,,,
241,"Gila At Gillespie","2001-07-31 00:00:00","C",212.00000,32,2,4,0,47,53,-4,0,0,0,0,13.05000,,,,,,,,137.19504,0.05800,13.08700,219,0.21900,,793.00000,337,987.00000,207,258,836,13,65,90,1,7,0,11,72,81,,,,,,,,,67
242,"Gila At 115thAve","2001-09-11 00:00:00","A",254.00000,20,,6,0,100,0,0,0,,0,3,6.04000,1,14,0,15,9,39,5,5.41299,0.97300,4.23700,2200,2.20000,,225.00000,100,497.00000,100,89,372,22,103,36,0,5,0,3,13,26,,,,,,,,,
243,"Gila At 115thAve","2001-09-11 00:00:00","B",254.00000,20,,6,0,100,0,0,0,,0,,5.93000,1,12,,,10,,,5.41364,0.97500,4.23800,2201,2.20100,,224.00000,100,497.00000,100,109,378,21,99,37,0,5,0,3,13,27,,,,,,,,,
244,"Gila At 115thAve","2001-09-11 00:00:00","C",254.00000,20,10,6,0,100,0,0,0,,0,3,5.89000,1,11,0,14,10,42,4,5.41718,0.97200,4.26100,2208,2.20800,,225.00000,100,502.00000,101,106,369,20,98,38,0,4,0,3,13,27,,,,,,,,,5
245,"Buckeye Canal At Jackrabbit","2001-09-11 00:00:00","A",254.00000,20,,4,0,68,32,-2,0,,0,1,7.71000,1,15,0,3,4,269,63,12.54105,0.26600,6.34000,1204,1.20400,,333.00000,148,730.00000,146,149,530,16,79,66,1,4,0,6,25,49,,,,,,,,,
246,"Buckeye Canal At Jackrabbit","2001-09-11 00:00:00","B",254.00000,20,,4,0,70,30,-2,0,,0,1,7.92000,1,17,0,4,4,220,60,12.45620,0.26900,6.32500,1210,1.21000,,345.00000,154,735.00000,147,172,534,16,78,66,1,4,0,7,26,50,,,,,,,,,
247,"Buckeye Canal At Jackrabbit","2001-09-11 00:00:00","C",254.00000,20,16,4,0,70,30,-2,0,,0,1,8.03000,1,18,0,17,3,45,13,12.31652,0.26700,6.28000,1215,1.21500,,338.00000,150,732.00000,147,173,524,16,76,67,1,4,0,7,26,51,,,,,,,,,20
248,"Buckeye Canal At Baseline","2001-09-11 00:00:00","A",254.00000,20,,4,0,60,40,-2,0,,0,1,10.37000,2,17,0,11,2,88,37,22.10381,0.10200,8.49500,889,0.88900,,480.00000,214,802.00000,161,178,612,14,66,76,1,5,0,9,42,64,,,,,,,,,
249,"Buckeye Canal At Baseline","2001-09-11 00:00:00","B",254.00000,20,,4,0,60,40,-2,0,,0,1,10.35000,2,17,,,2,,,22.59562,0.10000,8.54000,874,0.87400,,474.00000,211,804.00000,161,199,616,14,68,78,1,5,0,9,41,63,,,,,,,,,
250,"Buckeye Canal At Baseline","2001-09-11 00:00:00","C",254.00000,20,5,4,0,60,40,-2,0,,0,1,10.41000,2,17,0,12,2,78,33,21.86556,0.10300,8.49700,899,0.89900,,463.00000,206,812.00000,163,226,611,13,64,77,1,5,0,9,43,67,,,,,,,,,30
251,"Gila At Hywy85","2001-09-11 00:00:00","A",254.00000,20,,4,,75,25,-2,0,,0,1,4.85000,1,20,0,11,5,127,23,12.42996,0.10100,3.80900,719,0.71900,,490.00000,218,1016.00000,204,,,,0,,,,,,,,,,,,,,,,
252,"Gila At Hywy85","2001-09-11 00:00:00","B",254.00000,20,,5,,77,23,-1,0,,0,1,5.37000,1,28,0,7,4,217,60,12.47833,0.09900,3.78800,712,0.71200,,479.00000,213,1013.00000,203,,,,0,,,,,,,,,,,,,,,,
253,"Gila At Hywy85","2001-09-11 00:00:00","C",254.00000,20,,4,,73,27,-2,0,,0,1,4.58000,1,15,0,10,7,138,19,12.26233,0.08700,3.78100,721,0.72100,,515.00000,229,1024.00000,205,,,,0,,,,,,,,,,,,,,,,45
254,"Hassayampa","2001-09-11 00:00:00","A",254.00000,20,,4,0,73,27,-2,0,,0,,9.77000,2,18,,,3,,,20.35130,0.10100,7.85000,893,0.89300,,432.00000,192,744.00000,149,180,556,13,64,71,1,5,0,9,39,61,,,,,,,,,
255,"Hassayampa","2001-09-11 00:00:00","B",254.00000,20,,4,0,72,28,-2,0,,0,1,9.85000,2,19,0,16,3,67,25,20.31606,0.10800,7.92700,904,0.90400,,439.00000,195,744.00000,149,201,559,13,64,72,1,5,0,9,40,61,,,,,,,,,
256,"Hassayampa","2001-09-11 00:00:00","C",254.00000,20,1,4,0,72,28,-2,0,,0,1,10.37000,2,23,0,13,2,81,39,20.37178,0.11500,7.84400,893,0.89300,,430.00000,191,740.00000,148,173,541,14,68,70,1,5,0,8,37,58,,,,,,,,,48
257,"Gila At Arlington","2001-09-11 00:00:00","A",254.00000,20,,4,0,65,35,-2,0,,0,1,10.18000,2,18,0,1,2,1042,420,14.94090,0.03800,8.25700,1269,1.26900,,667.00000,297,1022.00000,205,250,827,15,70,94,1,5,0,10,56,77,,,,,,,,,
258,"Gila At Arlington","2001-09-11 00:00:00","B",254.00000,20,,4,0,65,35,-2,0,,0,1,10.01000,2,17,,,3,,,14.93131,0.06200,8.29300,1279,1.27900,,679.00000,302,1036.00000,208,262,811,14,65,95,1,5,0,11,61,84,,,,,,,,,
259,"Gila At Arlington","2001-09-11 00:00:00","C",254.00000,20,3,4,0,67,33,-2,0,,0,1,10.01000,2,17,0,14,3,52,,14.96509,0.05600,8.33100,1281,1.28100,,681.00000,303,1019.00000,204,255,829,14,67,97,1,5,0,11,59,80,,,,,,,,,59
260,"Gila At Gillespie","2001-09-11 00:00:00","A",254.00000,20,,4,0,63,37,-2,0,,0,1,9.57000,1,13,0,6,4,200,56,23.40964,0.06900,8.27800,815,0.81500,,704.00000,313,1046.00000,210,274,827,14,69,97,1,6,0,11,59,80,,,,,,,,,
261,"Gila At Gillespie","2001-09-11 00:00:00","B",254.00000,20,,4,0,62,38,-2,0,,0,1,10.05000,2,17,0,9,3,124,49,23.98273,0.06000,8.27100,794,0.79400,,722.00000,321,1067.00000,214,277,832,14,66,95,1,6,0,11,64,85,,,,,,,,,
262,"Gila At Gillespie","2001-09-11 00:00:00","C",254.00000,20,1,4,0,62,38,-2,0,,0,1,9.81000,1,15,0,5,3,228,77,23.84286,0.06100,8.28400,800,0.80000,,716.00000,319,1052.00000,211,258,840,14,69,97,1,6,0,11,61,81,,,,,,,,,67
263,"Gila At 115thAve","2001-10-30 00:00:00","A",303.00000,22,,7,0,99,1,0,0,0,0,1,13.67000,9,63,,,1,,,5.43263,1.17300,3.84200,2110,2.11000,,205.00000,89,333.00000,101,94,244,18,100,37,1,4,0,3,14,20,,,,,,,,,
264,"Gila At 115thAve","2001-10-30 00:00:00","B",303.00000,22,,8,0,101,-1,0,0,0,0,1,13.90000,9,64,,,1,,,5.20369,1.17400,3.83000,2198,2.19800,,243.00000,105,329.00000,100,97,250,19,104,39,1,5,0,3,16,19,,,,,,,,,
265,"Gila At 115thAve","2001-10-30 00:00:00","C",303.00000,22,4,7,0,100,0,0,0,0,0,1,13.62000,9,63,,,1,,,5.45839,1.19400,3.84000,2108,2.10800,,245.00000,106,329.00000,100,93,236,18,95,36,1,5,0,3,17,21,,,,,,,,,5
266,"Buckeye Canal At Jackrabbit","2001-10-30 00:00:00","A",303.00000,22,,6,0,86,14,-1,0,0,0,2,10.02000,3,27,0,2,3,539,199,9.20748,0.26900,6.99800,1804,1.80400,,276.00000,119,450.00000,136,121,335,17,93,50,1,4,0,5,20,29,,,,,,,,,
267,"Buckeye Canal At Jackrabbit","2001-10-30 00:00:00","B",303.00000,22,,6,0,85,15,-1,0,0,0,2,9.57000,2,24,0,5,3,167,52,9.04819,0.27300,6.99100,1835,1.83500,,270.00000,117,451.00000,137,123,325,17,91,49,1,4,0,5,20,30,,,,,,,,,
268,"Buckeye Canal At Jackrabbit","2001-10-30 00:00:00","C",303.00000,22,10,6,0,86,14,-1,0,0,0,2,10.20000,3,29,1,27,3,25,10,9.01512,0.27200,6.99700,1843,1.84300,,267.00000,116,447.00000,135,134,328,17,94,50,1,4,0,5,19,29,,,,,,,,,20
269,"Buckeye Canal At Baseline","2001-10-30 00:00:00","A",303.00000,22,,6,0,80,20,-2,0,0,0,3,6.27000,0,5,1,42,23,13,1,8.51624,0.21500,5.76500,1605,1.60500,,300.00000,130,478.00000,145,129,358,16,87,53,1,4,0,5,23,33,,,,,,,,,
270,"Buckeye Canal At Baseline","2001-10-30 00:00:00","B",303.00000,22,,6,0,78,22,-2,0,0,0,2,6.20000,0,4,1,35,30,17,1,8.45133,0.22000,5.74400,1613,1.61300,,301.00000,130,471.00000,143,128,351,16,86,53,1,4,0,5,23,33,,,,,,,,,
271,"Buckeye Canal At Baseline","2001-10-30 00:00:00","C",303.00000,22,7,6,0,78,22,-2,0,0,0,3,6.16000,0,3,1,38,37,15,0,8.53400,0.22300,5.76200,1603,1.60300,,302.00000,131,471.00000,143,133,354,16,88,54,1,4,0,5,23,32,,,,,,,,,30
272,"Gila At Hywy85","2001-10-30 00:00:00","A",303.00000,22,,6,0,76,24,-2,0,,0,1,4.78000,0,10,0,5,14,214,15,7.40709,0.04400,4.26600,1330,1.33000,,438.00000,190,847.00000,256,170,610,16,88,82,1,4,0,8,33,58,,,,,,,,,
273,"Gila At Hywy85","2001-10-30 00:00:00","B",303.00000,22,,6,0,78,22,-2,0,,0,1,5.01000,1,14,0,1,10,848,88,7.42427,0.04200,4.27800,1330,1.33000,,433.00000,187,835.00000,253,184,598,16,89,79,1,4,0,8,32,56,,,,,,,,,
274,"Gila At Hywy85","2001-10-30 00:00:00","C",303.00000,22,,6,0,74,26,-2,0,,0,1,5.76000,1,25,0,5,4,213,48,7.38263,0.03600,4.26300,1331,1.33100,,432.00000,187,829.00000,251,182,633,16,89,80,1,4,0,8,32,56,,,,,,,,,45
275,"Hassayampa","2001-10-30 00:00:00","A",303.00000,22,,5,0,66,34,-2,0,0,0,2,9.34000,0,4,1,39,15,13,1,14.44339,0.05900,8.89500,1417,1.41700,,349.00000,151,511.00000,155,174,353,14,79,57,1,5,0,6,30,39,,,,,,,,,
276,"Hassayampa","2001-10-30 00:00:00","B",303.00000,22,,5,0,69,31,-2,0,0,0,2,9.46000,0,5,1,34,12,17,1,12.40263,0.05900,8.90500,1652,1.65200,,477.00000,206,509.00000,154,173,355,15,81,55,1,7,0,6,39,38,,,,,,,,,
277,"Hassayampa","2001-10-30 00:00:00","C",303.00000,22,1,5,0,68,32,-2,0,0,0,3,9.24000,0,3,1,46,21,10,0,14.35249,0.06300,8.91000,1429,1.42900,,358.00000,155,518.00000,157,174,368,14,78,54,1,5,0,6,31,40,,,,,,,,,48
278,"Gila At Arlington","2001-10-30 00:00:00","A",303.00000,22,,4,0,61,39,-3,0,0,0,2,7.62000,,,1,61,,10,,27.32428,0.01500,9.41700,789,0.78900,,778.00000,337,1141.00000,345,305,877,16,87,109,1,5,0,11,60,79,,,,,,,,,
279,"Gila At Arlington","2001-10-30 00:00:00","B",303.00000,22,,4,0,61,39,-3,0,0,0,2,10.46000,1,10,1,63,5,9,2,29.31623,0.01500,9.41200,735,0.73500,,790.00000,342,1095.00000,331,312,868,15,83,109,1,6,0,12,64,79,,,,,,,,,
280,"Gila At Arlington","2001-10-30 00:00:00","C",303.00000,22,,4,0,58,42,-3,0,0,0,1,12.14000,3,22,1,46,2,17,9,29.03658,0.01000,9.41600,742,0.74200,,785.00000,340,1093.00000,331,310,871,15,84,104,1,6,0,11,62,78,,,,,,,,,59
281,"Gila At Gillespie","2001-10-30 00:00:00","A",303.00000,22,,4,0,59,41,-3,0,0,0,2,8.54000,,,1,56,,11,,23.95568,0.03300,8.88600,851,0.85100,,752.00000,326,1072.00000,325,273,835,15,83,105,1,5,0,11,60,78,,,,,,,,,
282,"Gila At Gillespie","2001-10-30 00:00:00","B",303.00000,22,,4,0,59,41,-3,0,0,0,2,9.23000,0,3,1,55,17,11,1,23.60582,0.02800,8.89500,864,0.86400,,763.00000,330,1092.00000,331,279,878,15,84,101,1,6,0,11,61,78,,,,,,,,,
283,"Gila At Gillespie","2001-10-30 00:00:00","C",303.00000,22,3,4,0,58,42,-3,0,0,0,2,8.16000,,,1,51,,12,,24.08916,0.03000,8.88600,846,0.84600,,769.00000,333,1077.00000,326,289,887,16,85,102,1,6,0,11,61,77,,,,,,,,,67
284,"Gila At 115thAve","2001-12-17 00:00:00","A",351.00000,1,,7,0,100,0,0,0,0,0,1,7.30000,1,9,,,12,,,,2.21400,4.44400,83,,,236.00000,108,23.00000,105,89,249,19,100,41,,4,3,3,15,,,,,,,,,,
285,"Gila At 115thAve","2001-12-17 00:00:00","B",351.00000,1,,7,0,101,-1,0,0,0,0,2,7.50000,1,11,,,9,,,,2.23500,4.38800,29,,,176.00000,80,20.00000,91,95,248,18,98,42,,3,3,4,12,,,,,,,,,,
286,"Gila At 115thAve","2001-12-17 00:00:00","C",351.00000,1,8,7,0,100,0,0,0,0,0,2,7.80000,1,15,,,7,,,,2.26200,4.42200,57,,,245.00000,112,23.00000,105,98,254,19,102,43,,4,3,4,16,,,,,,,,,,5
287,"Buckeye Canal At Jackrabbit","2001-12-17 00:00:00","A",351.00000,1,,6,0,88,12,-1,0,,0,2,7.60000,1,19,,,5,,,,0.99400,5.17300,28,,,196.00000,90,32.00000,145,95,279,19,101,45,,3,2,4,13,,,,,,,,,,
288,"Buckeye Canal At Jackrabbit","2001-12-17 00:00:00","B",351.00000,1,,6,0,88,12,-1,0,,0,2,7.10000,1,13,,,7,,,,1.01500,5.14100,79,,,,0,25.00000,114,99,276,20,104,45,,0,3,4,0,,,,,,,,,,
289,"Buckeye Canal At Jackrabbit","2001-12-17 00:00:00","C",351.00000,1,8,6,0,89,11,-1,0,,0,2,7.20000,1,15,,,7,,,,0.99900,5.12400,77,,,190.00000,87,32.00000,145,91,273,18,96,42,,3,2,4,13,,,,,,,,,,20
290,"Buckeye Canal At Baseline","2001-12-17 00:00:00","A",351.00000,1,,6,0,85,15,-1,0,0,0,2,6.80000,1,10,,,9,,,,0.88500,5.21100,40,,,194.00000,89,22.00000,100,104,288,19,100,46,,3,3,4,13,,,,,,,,,,
291,"Buckeye Canal At Baseline","2001-12-17 00:00:00","B",351.00000,1,,6,0,86,14,-1,0,0,0,2,7.00000,1,13,,,7,,,,0.88700,5.22400,0,,,183.00000,84,0.70000,3,96,279,19,100,45,,3,94,4,12,,,,,,,,,,
292,"Buckeye Canal At Baseline","2001-12-17 00:00:00","C",351.00000,1,8,6,0,85,15,-1,0,0,0,,6.10000,0,0,,,487,,,,0.89400,5.15800,24,,,191.00000,87,44.00000,200,94,287,19,101,43,,3,1,4,12,,,,,,,,,,30
293,"Gila At Hywy85","2001-12-17 00:00:00","A",351.00000,1,,5,0,76,24,-2,0,,0,1,5.40000,1,19,,,6,,,,0.15700,4.18700,108,,,443.00000,202,26.00000,118,183,653,17,90,85,,4,5,8,32,,,,,,,,,,
294,"Gila At Hywy85","2001-12-17 00:00:00","B",351.00000,1,,5,0,76,24,-2,0,,0,2,5.40000,1,19,,,6,,,,0.16100,4.20600,86,,,701.00000,320,23.00000,105,169,646,17,88,82,,6,5,8,51,,,,,,,,,,
295,"Gila At Hywy85","2001-12-17 00:00:00","C",351.00000,1,,5,0,74,26,-2,0,,0,1,5.30000,1,18,,,6,,,,0.15300,4.19800,68,,,451.00000,206,28.00000,127,179,661,17,91,81,,4,4,8,32,,,,,,,,,,45
296,"Hassayampa","2001-12-17 00:00:00","A",351.00000,1,,6,0,82,18,-1,0,,0,2,6.10000,1,13,,,8,,,,0.52300,4.78200,75,,,204.00000,93,23.00000,105,133,310,19,101,47,,3,3,4,13,,,,,,,,,,
297,"Hassayampa","2001-12-17 00:00:00","B",351.00000,1,,6,0,83,17,-1,0,,0,1,6.30000,1,16,,,6,,,,0.51100,4.77700,71,,,194.00000,89,30.00000,136,115,311,19,100,47,,3,2,4,13,,,,,,,,,,
298,"Hassayampa","2001-12-17 00:00:00","C",351.00000,1,4,6,0,83,17,-1,0,,0,2,6.90000,2,23,,,4,,,,0.51400,4.76200,65,,,201.00000,92,26.00000,118,99,311,19,100,47,,3,3,4,13,,,,,,,,,,48
299,"Gila At Arlington","2001-12-17 00:00:00","A",351.00000,1,,5,0,74,26,-2,0,0,0,2,8.50000,2,26,,,3,,,,0.24400,6.06400,50,,,445.00000,203,27.00000,123,165,543,18,94,70,,5,4,6,31,,,,,,,,,,
300,"Gila At Arlington","2001-12-17 00:00:00","B",351.00000,1,,5,0,74,26,-2,0,0,0,2,7.30000,1,14,,,6,,,,0.23500,5.99200,60,,,430.00000,196,23.00000,105,164,547,18,94,71,,5,4,6,30,,,,,,,,,,
301,"Gila At Arlington","2001-12-17 00:00:00","C",351.00000,1,,5,0,74,26,-2,0,0,0,1,7.40000,1,15,,,5,,,,0.24000,6.01400,58,,,450.00000,205,55.00000,250,181,519,17,88,69,,5,2,7,33,,,,,,,,,,59
302,"Gila At Gillespie","2001-12-17 00:00:00","A",351.00000,1,,5,0,74,26,-2,0,,0,2,8.10000,1,16,,,5,,,,0.19600,6.64500,30,,,486.00000,222,25.00000,114,172,583,16,86,71,,5,4,7,37,,,,,,,,,,
303,"Gila At Gillespie","2001-12-17 00:00:00","B",351.00000,1,,5,0,74,26,-2,0,,0,2,8.00000,1,15,,,5,,,,0.19400,6.65500,0,,,489.00000,223,0.90000,4,173,573,17,88,76,,5,123,7,36,,,,,,,,,,
304,"Gila At Gillespie","2001-12-17 00:00:00","C",351.00000,1,4,5,0,74,26,-2,0,,0,2,8.00000,1,15,,,5,,,,0.19200,6.54800,74,,,487.00000,222,32.00000,145,177,590,17,91,77,,5,4,7,35,,,,,,,,,,67
